{
  "rubric": "Дизайн",
  "label": "Акция",
  "title": "ТРЕНДЫ В ОФОРМЛЕНИИ ОКОН 2015",
  "url": "http://design-okna.herokuapp.com/article/1",
  "description": "Краткое содержание статьи идет сюда",
  "date": "29 апреля 2015 г.",
  "slider_img": "img/slide-1.jpg",
  "main_img": "http://design-okna.herokuapp.com/img/slide-1.jpg",
  "text": "<p>Однако почти все консультанты просто ждут, чтобы рекомендации падали с неба. В конце концов, разве не должны счастливые клиенты всем рассказывать о вас? И большинство клиентов так и будет делать, но иногда они слишком заняты, и тогда они не будут особенно усердствовать. </p><p>Вместо того, чтобы просто сидеть и ждать, откройте электронную почту, найдите двоих уже осчастливленных вами клиентов, еще не приславших вам свое рекомендательное письмо. Напишите им и попросите прислать рекомендацию. </p><p>Ниже я привожу шаблон письма, которое сослужило мне хорошую службу в свое время. Сначала я узнавал, что представляет собой тот или иной клиент, и затем просто просил о прямой рекомендации. Не ходите вокруг да около и не оставляйте вопрос открытым, и будьте по-возможности кратки<br>Установление партнерских связей с агентствами — это еще один хороший способ привлечь новых клиентов. Я пользовался этой стратегией и в результате наладил партнерские взаимоотношения с компанией, которая присылает мне по крайней мере одного нового клиента в месяц. Здесь важно убедиться, что агентство-партнер больше, чем моя консультационная компания, так что я им не конкурент.</p><img src=\"img/article_img.jpg\" alt=\"\"><h2>Главный тренд</h2><p>Однако почти все консультанты просто ждут, чтобы рекомендации падали с неба. В конце концов, разве не должны счастливые клиенты всем рассказывать о вас? И большинство клиентов так и будет делать, но иногда они слишком заняты, и тогда они не будут особенно усердствовать. </p><p>Вместо того, чтобы просто сидеть и ждать, откройте электронную почту, найдите двоих уже осчастливленных вами клиентов, еще не приславших вам свое рекомендательное письмо. Напишите им и попросите прислать рекомендацию.</p><p>Ниже я привожу шаблон письма, которое сослужило мне хорошую службу в свое время. Сначала я узнавал, что представляет собой тот или иной клиент, и затем просто просил о прямой рекомендации. Не ходите вокруг да около и не оставляйте вопрос открытым, и будьте по-возможности кратки<br>Установление партнерских связей с агентствами — это еще один хороший способ привлечь новых клиентов. Я пользовался этой стратегией и в результате наладил партнерские взаимоотношения с компанией, которая присылает мне по крайней мере одного нового клиента в месяц. Здесь важно убедиться, что агентство-партнер больше, чем моя консультационная компания, так что я им не конкурент.</p><p>Вместо того, чтобы просто сидеть и ждать, откройте электронную почту, найдите двоих уже осчастливленных вами клиентов, еще не приславших вам свое рекомендательное письмо. Напишите им и попросите прислать рекомендацию. </p><p>Ниже я привожу шаблон письма, которое сослужило мне хорошую службу в свое время. Сначала я узнавал, что представляет собой тот или иной клиент, и затем просто просил о прямой рекомендации. Не ходите вокруг да около и не оставляйте вопрос открытым, и будьте по-возможности кратки<br>Установление партнерских связей с агентствами — это еще один хороший способ привлечь новых клиентов. Я пользовался этой стратегией и в результате наладил партнерские взаимоотношения с компанией, которая присылает мне по крайней мере одного нового клиента в месяц. Здесь важно убедиться, что агентство-партнер больше, чем моя консультационная компания, так что я им не конкурент.</p>",
  "aside_title": "ИНТЕРЕСНОЕ О ДИЗАЙНЕ",
  "aside_links": [
    {
      "title": "Психотерапевт — о том, как перестать беспокоиться и полюбить бомбу",
      "url": "/article/blah1"
    },
    {
      "title": "В конце концов, разве не должны счастливые клиентвсем рассказывать о вас",
      "url": "/article/blah2"
    },
    {
      "title": "Психотерапевт — о том, как перестать бояться",
      "url": "/article/blah3"
    },
    {
      "title": "В конце концов, разве не должны счастливые клиент всем рассказывать",
      "url": "/article/blah4"
    },
    {
      "title": "Психотерапевт — о том, как перестать бояться психотерапевта",
      "url": "/article/blah5"
    }
  ],
  "related_products": [
    {
        "sale": "",
        "image": "img/product.jpg",
        "rating": "3.4",
        "reviews_count": "100",
        "link": "product/zhaluzi/horizontalnye/aluminievye/roza-kolhoza",
        "title": "Жалюзи Мираж",
        "category_link": "catalog",
        "category_title": "Рулонные тканевые",
        "old_price": "",
        "price": "1000",
        "colors": [{
            "title": "",
            "image": "",
            "color": "",
            "price": 1000
        }]
    }, {
        "sale": "-20%",
        "image": "img/product.jpg",
        "rating": "3.4",
        "reviews_count": "100",
        "link": "product/zhaluzi/horizontalnye/aluminievye/roza-kolhoza",
        "title": "Жалюзи Мираж",
        "category_link": "catalog",
        "category_title": "Рулонные тканевые",
        "old_price": "1000",
        "price": "800"
    }, {
        "sale": "",
        "image": "img/product.jpg",
        "rating": ".4",
        "reviews_count": "100",
        "link": "product/zhaluzi/horizontalnye/aluminievye/roza-kolhoza",
        "title": "Жалюзи Мираж",
        "category_link": "catalog",
        "category_title": "Рулонные тканевые",
        "old_price": "1200",
        "price": "1000"
    }
  ]
}