[{
	"bgImg": "img/slide-1.jpg",
	"title": "Экологичность материалов11231",
	"img": "img/tree.svg",
	"text": "У каждого из наших поставщиков имеются сертификаты безовасности, в которых подтверждено, что пластик не токсичен"
}, {
	"bgImg": "img/slide-2.jpg",
	"title": "Экологичность материалов2",
	"img": "img/tree.svg",
	"text": "У каждого из наших поставщиков имеются сертификаты безовасности, в которых подтверждено, что пластик не токсичен"
}, {
	"bgImg": "img/slide-3.jpg",
	"title": "Экологичность материалов3",
	"img": "img/tree.svg",
	"text": "У каждого из наших поставщиков имеются сертификаты безовасности, в которых подтверждено, что пластик не токсичен"
}]
