[{
    "id": "1",
    "sale": "",
    "image": "img/product1.jpg",
    "rating": "3.4",
    "reviews_count": "100",
    "link": "product/zhaluzi/horizontalnye/aluminievye/roza-kolhoza",
    "title": "Жалюзи Мираж",
    "category_link": "catalog",
    "category_title": "Рулонные тканевые",
    "old_price": "",
    "price": "1000",
    "colors": [{
        "title": "",
        "image": "",
        "color": "",
        "price": 1000
    }]
}, {
    "id": "2",
    "sale": "-20%",
    "image": "img/product2.jpg",
    "rating": "3.4",
    "reviews_count": "100",
    "link": "product/zhaluzi/horizontalnye/aluminievye/roza-kolhoza",
    "title": "Жалюзи Мираж",
    "category_link": "catalog",
    "category_title": "Рулонные тканевые",
    "old_price": "1000",
    "price": "800"
}, {
    "id": "3",
    "sale": "",
    "image": "img/product3.jpg",
    "rating": ".4",
    "reviews_count": "100",
    "link": "product/zhaluzi/horizontalnye/aluminievye/roza-kolhoza",
    "title": "Жалюзи Мираж",
    "category_link": "catalog",
    "category_title": "Рулонные тканевые",
    "old_price": "1200",
    "price": "1000"
}, {
    "id": "4",
    "sale": "-30%",
    "image": "img/product4.jpg",
    "rating": "3.4",
    "reviews_count": "100",
    "link": "product/zhaluzi/horizontalnye/aluminievye/roza-kolhoza",
    "title": "Жалюзи Мираж",
    "category_link": "catalog",
    "category_title": "Рулонные тканевые",
    "old_price": "2000",
    "price": "1600"
}, {
    "id": "5",
    "sale": "",
    "image": "img/product3.jpg",
    "rating": "3.4",
    "reviews_count": "100",
    "link": "product/zhaluzi/horizontalnye/aluminievye/roza-kolhoza",
    "title": "Жалюзи Мираж",
    "category_link": "catalog",
    "category_title": "Рулонные тканевые",
    "old_price": "1200",
    "price": "1000"
}, {
    "id": "6",
    "sale": "",
    "image": "img/product4.jpg",
    "rating": "3.4",
    "reviews_count": "100",
    "link": "product/zhaluzi/horizontalnye/aluminievye/roza-kolhoza",
    "title": "Жалюзи Мираж",
    "category_link": "catalog",
    "category_title": "Рулонные тканевые",
    "old_price": "1200",
    "price": "1000"
}, {
    "id": "7",
    "sale": "-5%",
    "image": "img/product1.jpg",
    "rating": "3.4",
    "reviews_count": "100",
    "link": "product/zhaluzi/horizontalnye/aluminievye/roza-kolhoza",
    "title": "Жалюзи Мираж",
    "category_link": "catalog",
    "category_title": "Рулонные тканевые",
    "old_price": "1200",
    "price": "1000"
}, {
    "id": "8",
    "sale": "",
    "image": "img/product2.jpg",
    "rating": "4.7",
    "reviews_count": "100",
    "link": "product/zhaluzi/horizontalnye/aluminievye/roza-kolhoza",
    "title": "Жалюзи Мираж",
    "category_link": "catalog",
    "category_title": "Рулонные тканевые",
    "old_price": "1200",
    "price": "1000"
}]