{
	"id": "123",
	"category": "Римские шторы123",
	"title": "Римские шторы",
	"sale": "-40%",
	"image": "img/product.jpg",
	"rating": "3.4",
	"reviews_count": "100",
	"link": "product/zhaluzi/horizontalnye/aluminievye/roza-kolhoza",
	"category_link": "catalog",
	"category_title": "Рулонные тканевые",
	"video": "http://www.youtube.com/watch?v=kszLwBaC4Sw",
	"construction": {
		"title": "Конструкция римских штор",
		"text": "В закрытом состоянии римские шторы представляют собой ровное полотно без складок и сборок, соответствующее по размеру площади оконного проёма. В нижний край полотна вшит утяжелитель, кроме того, параллельно ему через равные расстояния также вшиты специальные планки, в которых и заключена вся суть механизма этого солнцезащитного изделия. К планкам крепятся кольца, а через них пропущены шнуры, идущие от утяжелителя к механизму управления. Карниз для римских штор может быть выполнен по типу кордовой или роторно-цепочной системы.",
		"scheme": "img/scheme.jpg"
	},
	"description": {
		"title": "Что такое римские шторы?",
		"text": "Римские шторы — это изделие, сочетающее в себе все преимущества обычных портьер и горизонтальных жалюзи. Они сделаны из ткани, поэтому их можно по праву назвать шторами, но их механизм управления очень напоминает устройство, приводящее в движение ламели жалюзи. Такой удивительный тандем и послужил основой для создания довольно необычного оконного убранства – римских штор. Они применяются в самых разных помещениях и способны украсить гостиную, детскую и спальню, в том числе в комбинации с обычными портьерами. Их часто вешают на окна в учреждениях и офисах, они могут быть прекрасным дополнением интерьера гостиниц и столовых, а могут и стать интересной особенностью танцевальных и концертных залов"
	},
	"cornice": {
		"text": "<h1>Карниз для римских штор</h1><p>Мы производим карниз для римских штор только с роторно-цепочным механизмом</p><h1>Сколько стоит карниз?</h1><p>В комплект заказа входят:<br> профиль, подъемный механизм,<br> блок управления (роторно-цепочный) и кронштейны;</p>",
		"price": "1375",
		"description": "Цена на карниз для римских штор"
	},
	"gallery": [{
		"src": "img/slide-1.jpg"
	}, {
		"src": "img/slide-2.jpg"
	}, {
		"src": "img/slide-3.jpg"
	}]
}
