[{
	"id": 1,
	"url": "kristall",
	"model": "Кристалл",
	"price": {
		"old": "10000",
		"new": "1"
	},
	"img": "img/textures/kristall.png",
	"translucent": "Не пропускает свет",
	"country": "США",
	"width": "150 см",
	"structure": "50% шенилл, 20% вискоза, 30% полиэстер"
}, {
	"id": 2,
	"url": "listya",
	"model": "Листья",
	"price": {
		"new": "500"
	},
	"img": "img/textures/listya.png",
	"translucent": "Пропускает свет",
	"country": "Германия",
	"width": "250 см",
	"structure": "60% шенилл, 10% вискоза, 30% полиэстер"
}, {
	"id": 3,
	"url": "luksor_uno",
	"model": "Люксор Уно",
	"price": {
		"old": "2345",
		"new": "2200"
	},
	"img": "img/textures/luksor_uno.png",
	"translucent": "Не пропускает свет",
	"country": "Россия",
	"width": "200 см",
	"structure": "30% шенилл, 30% вискоза, 40% полиэстер"
}, {
	"id": 4,
	"url": "melanzh_red",
	"model": "Красный Меланж",
	"price": {
		"old": "1500",
		"new": "1000"
	},
	"img": "img/textures/melanzh_red.png",
	"translucent": "Не пропускает свет",
	"country": "Россия",
	"width": "200 см",
	"structure": "30% шенилл, 30% вискоза, 40% полиэстер"
}]
